0	0
1	2929
2	5830
3	8673
4	11431
5	14075
6	16580
7	18921
8	21074
9	23019
10	24737
11	26209
12	27422
13	28364
14	29026
15	29400
16	29483
17	29274
18	28776
19	27993
20	26933
21	25606
22	24027
23	22209
24	20172
25	17935
26	15520
27	12952
28	10256
29	7458
30	4587
31	1670
32	-1262
33	-4183
34	-7062
35	-9872
36	-12584
37	-15171
38	-17609
39	-19872
40	-21938
41	-23787
42	-25401
43	-26764
44	-27862
45	-28684
46	-29222
47	-29471
48	-29429
49	-29095
50	-28473
51	-27570
52	-26394
53	-24957
54	-23272
55	-21358
56	-19232
57	-16916
58	-14432
59	-11806
60	-9063
61	-6230
62	-3336
63	-408
64	2522
65	5429
66	8282
67	11053
68	13714
69	16240
70	18605
71	20786
72	22762
73	24512
74	26019
75	27270
76	28250
77	28951
78	29365
79	29489
80	29321
81	28862
82	28119
83	27097
84	25807
85	24261
86	22476
87	20468
88	18257
89	15866
90	13318
91	10638
92	7853
93	4990
94	2078
95	-854
96	-3778
97	-6665
98	-9486
99	-12213
100	-14820
101	-17279
102	-19568
103	-21663
104	-23544
105	-25191
106	-26590
107	-27725
108	-28586
109	-29164
110	-29454
111	-29452
112	-29159
113	-28577
114	-27712
115	-26574
116	-25172
117	-23521
118	-21638
119	-19540
120	-17249
121	-14787
122	-12179
123	-9451
124	-6629
125	-3741
126	-817
127	2115
128	5027
129	7889
130	10673
131	13351
132	15898
133	18287
134	20495
135	22500
136	24282
137	25825
138	27111
139	28130
140	28870
141	29325
142	29489
143	29361
144	28943
145	28239
146	27255
147	26002
148	24491
149	22738
150	20760
151	18576
152	16209
153	13681
154	11018
155	8246
156	5392
157	2485
158	-445
159	-3373
160	-6267
161	-9098
162	-11840
163	-14465
164	-16946
165	-19260
166	-21384
167	-23295
168	-24977
169	-26411
170	-27583
171	-28483
172	-29101
173	-29431
174	-29470
175	-29217
176	-28675
177	-27849
178	-26748
179	-25382
180	-23765
181	-21913
182	-19844
183	-17579
184	-15139
185	-12550
186	-9837
187	-7026
188	-4146
189	-1225
190	1707
191	4624
192	7495
193	10291
194	12986
195	15552
196	17964
197	20199
198	22233
199	24048
200	25625
201	26948
202	28005
203	28784
204	29279
205	29484
206	29397
207	29019
208	28354
209	27409
210	26192
211	24716
212	22996
213	21048
214	18892
215	16549
216	14042
217	11396
218	8638
219	5794
220	2892
221	-37
222	-2966
223	-5867
224	-8709
225	-11465
226	-14107
227	-16610
228	-18949
229	-21100
230	-23043
231	-24757
232	-26226
233	-27436
234	-28375
235	-29032
236	-29402
237	-29482
238	-29270
239	-28768
240	-27981
241	-26918
242	-25588
243	-24005
244	-22184
245	-20144
246	-17905
247	-15489
248	-12919
249	-10221
250	-7422
251	-4550
252	-1633
253	1299
254	4220
255	7099
256	9907
257	12618
258	15203
259	17639
260	19899
261	21963
262	23809
263	25420
264	26780
265	27874
266	28692
267	29227
268	29472
269	29426
270	29089
271	28464
272	27557
273	26377
274	24937
275	23250
276	21332
277	19204
278	16885
279	14400
280	11772
281	9027
282	6194
283	3298
284	371
285	-2560
286	-5466
287	-8318
288	-11087
289	-13747
290	-16271
291	-18634
292	-20813
293	-22785
294	-24533
295	-26037
296	-27284
297	-28261
298	-28958
299	-29368
300	-29488
301	-29317
302	-28855
303	-28107
304	-27082
305	-25789
306	-24240
307	-22451
308	-20441
309	-18228
310	-15835
311	-13285
312	-10603
313	-7817
314	-4953
315	-2041
316	891
317	3815
318	6701
319	9521
320	12247
321	14852
322	17309
323	19596
324	21688
325	23566
326	25211
327	26606
328	27738
329	28595
330	29170
331	29456
332	29450
333	29153
334	28568
335	27700
336	26557
337	25152
338	23499
339	21612
340	19512
341	17219
342	14755
343	12145
344	9415
345	6592
346	3704
347	779
348	-2152
349	-5064
350	-7925
351	-10708
352	-13385
353	-15929
354	-18316
355	-20521
356	-22524
357	-24303
358	-25843
359	-27126
360	-28141
361	-28878
362	-29328
363	-29489
364	-29358
365	-28936
366	-28228
367	-27241
368	-25984
369	-24470
370	-22714
371	-20733
372	-18547
373	-16178
374	-13648
375	-10984
376	-8210
377	-5356
378	-2448
379	483
380	3410
381	6303
382	9134
383	11874
384	14497
385	16977
386	19289
387	21409
388	23318
389	24996
390	26427
391	27596
392	28493
393	29107
394	29433
395	29468
396	29212
397	28666
398	27837
399	26732
400	25363
401	23743
402	21888
403	19816
404	17549
405	15107
406	12516
407	9802
408	6990
409	4109
410	1188
411	-1745
412	-4661
413	-7531
414	-10326
415	-13019
416	-15584
417	-17994
418	-20226
419	-22258
420	-24070
421	-25643
422	-26963
423	-28016
424	-28792
425	-29283
426	-29484
427	-29394
428	-29012
429	-28344
430	-27395
431	-26175
432	-24696
433	-22973
434	-21022
435	-18863
436	-16518
437	-14009
438	-11362
439	-8602
440	-5757
441	-2855
442	74
443	3004
444	5903
445	8745
446	11499
447	14140
448	16641
449	18978
450	21126
451	23066
452	24777
453	26243
454	27450
455	28385
456	29039
457	29405
458	29481
459	29265
460	28759
461	27969
462	26902
463	25569
464	23983
465	22160
466	20117
467	17875
468	15457
469	12885
470	10186
471	7386
472	4513
473	1596
474	-1337
475	-4257
476	-7135
477	-9942
478	-12651
479	-15235
480	-17668
481	-19927
482	-21988
483	-23831
484	-25439
485	-26795
486	-27886
487	-28701
488	-29232
489	-29474
490	-29424
491	-29083
492	-28454
493	-27544
494	-26361
495	-24917
496	-23227
497	-21306
498	-19175
499	-16855
500	-14367
501	-11738
502	-8992
503	-6157
504	-3261
505	-333
506	2597
507	5502
508	8353
509	11122
510	13780
511	16302
512	18663
513	20839
514	22809
515	24553
516	26054
517	27298
518	28271
519	28965
520	29372
521	29488
522	29313
523	28847
524	28096
525	27067
526	25770
527	24219
528	22427
529	20414
530	18199
531	15803
532	13251
533	10569
534	7781
535	4917
536	2004
537	-928
538	-3852
539	-6738
540	-9557
541	-12281
542	-14884
543	-17340
544	-19624
545	-21713
546	-23588
547	-25230
548	-26622
549	-27750
550	-28604
551	-29175
552	-29457
553	-29448
554	-29148
555	-28558
556	-27687
557	-26541
558	-25133
559	-23476
560	-21587
561	-19484
562	-17188
563	-14723
564	-12111
565	-9380
566	-6556
567	-3667
568	-742
569	2190
570	5100
571	7961
572	10742
573	13418
574	15960
575	18345
576	20548
577	22548
578	24325
579	25861
580	27141
581	28152
582	28885
583	29332
584	29489
585	29354
586	28929
587	28218
588	27227
589	25967
590	24449
591	22690
592	20707
593	18518
594	16147
595	13615
596	10949
597	8174
598	5319
599	2411
600	-520
601	-3447
602	-6339
603	-9169
604	-11909
605	-14530
606	-17007
607	-19317
608	-21435
609	-23341
610	-25016
611	-26444
612	-27610
613	-28502
614	-29113
615	-29436
616	-29467
617	-29207
618	-28658
619	-27825
620	-26717
621	-25344
622	-23721
623	-21863
624	-19789
625	-17519
626	-15075
627	-12483
628	-9767
629	-6954
630	-4072
631	-1150
632	1782
633	4698
634	7567
635	10361
636	13053
637	15615
638	18023
639	20253
640	22282
641	24091
642	25662
643	26978
644	28028
645	28800
646	29287
647	29485
648	29391
649	29006
650	28334
651	27381
652	26158
653	24676
654	22949
655	20996
656	18835
657	16487
658	13976
659	11327
660	8566
661	5720
662	2818
663	-111
664	-3041
665	-5940
666	-8780
667	-11534
668	-14173
669	-16672
670	-19006
671	-21152
672	-23089
673	-24797
674	-26260
675	-27463
676	-28395
677	-29045
678	-29408
679	-29480
680	-29260
681	-28751
682	-27957
683	-26887
684	-25551
685	-23961
686	-22135
687	-20090
688	-17846
689	-15425
690	-12852
691	-10151
692	-7350
693	-4476
694	-1558
695	1374
696	4294
697	7171
698	9977
699	12685
700	15267
701	17698
702	19954
703	22013
704	23853
705	25458
706	26811
707	27898
708	28710
709	29237
710	29475
711	29421
712	29077
713	28444
714	27530
715	26344
716	24897
717	23204
718	21281
719	19147
720	16824
721	14335
722	11703
723	8956
724	6121
725	3224
726	296
727	-2634
728	-5539
729	-8389
730	-11156
731	-13813
732	-16333
733	-18692
734	-20866
735	-22833
736	-24574
737	-26072
738	-27312
739	-28282
740	-28972
741	-29375
742	-29488
743	-29308
744	-28839
745	-28085
746	-27052
747	-25752
748	-24197
749	-22403
750	-20387
751	-18169
752	-15772
753	-13218
754	-10534
755	-7745
756	-4880
757	-1966
758	966
759	3889
760	6774
761	9592
762	12315
763	14916
764	17370
765	19651
766	21739
767	23611
768	25249
769	26638
770	27763
771	28613
772	29181
773	29459
774	29446
775	29142
776	28549
777	27674
778	26525
779	25113
780	23453
781	21561
782	19456
783	17158
784	14690
785	12077
786	9345
787	6520
788	3630
789	705
790	-2227
791	-5137
792	-7997
793	-10777
794	-13451
795	-15992
796	-18374
797	-20575
798	-22572
799	-24346
800	-25878
801	-27155
802	-28163
803	-28893
804	-29336
805	-29489
806	-29351
807	-28922
808	-28207
809	-27212
810	-25949
811	-24429
812	-22667
813	-20680
814	-18489
815	-16115
816	-13582
817	-10914
818	-8139
819	-5282
820	-2374
821	557
822	3484
823	6376
824	9205
825	11943
826	14562
827	17038
828	19345
829	21461
830	23364
831	25036
832	26460
833	27623
834	28512
835	29119
836	29438
837	29466
838	29202
839	28649
840	27812
841	26701
842	25325
843	23699
844	21838
845	19761
846	17489
847	15043
848	12449
849	9731
850	6918
851	4035
852	1113
853	-1819
854	-4734
855	-7603
856	-10396
857	-13086
858	-15647
859	-18053
860	-20280
861	-22307
862	-24113
863	-25680
864	-26993
865	-28039
866	-28808
867	-29292
868	-29486
869	-29388
870	-28999
871	-28323
872	-27367
873	-26140
874	-24655
875	-22926
876	-20970
877	-18806
878	-16456
879	-13943
880	-11293
881	-8531
882	-5684
883	-2781
884	149
885	3078
886	5976
887	8816
888	11568
889	14206
890	16703
891	19035
892	21178
893	23112
894	24818
895	26277
896	27477
897	28405
898	29052
899	29411
900	29479
901	29256
902	28743
903	27946
904	26872
905	25532
906	23940
907	22111
908	20063
909	17816
910	15393
911	12818
912	10116
913	7314
914	4440
915	1521
916	-1411
917	-4331
918	-7207
919	-10013
920	-12719
921	-15299
922	-17728
923	-19982
924	-22037
925	-23875
926	-25477
927	-26826
928	-27910
929	-28718
930	-29242
931	-29476
932	-29419
933	-29070
934	-28434
935	-27517
936	-26327
937	-24877
938	-23180
939	-21255
940	-19119
941	-16793
942	-14302
943	-11669
944	-8921
945	-6084
946	-3187
947	-259
948	2671
949	5576
950	8425
951	11191
952	13846
953	16365
954	18721
955	20892
956	22856
957	24594
958	26089
959	27326
960	28292
961	28979
962	29378
963	29487
964	29304
965	28831
966	28073
967	27037
968	25734
969	24176
970	22379
971	20360
972	18140
973	15740
974	13185
975	10499
976	7709
977	4843
978	1929
979	-1003
980	-3926
981	-6810
982	-9627
983	-12349
984	-14948
985	-17400
986	-19679
987	-21764
988	-23633
989	-25269
990	-26654
991	-27776
992	-28622
993	-29186
994	-29461
995	-29444
996	-29136
997	-28540
998	-27661
999	-26509
1000	-25094
1001	-23431
1002	-21536
1003	-19428
1004	-17128
1005	-14658
1006	-12043
1007	-9309
1008	-6483
1009	-3593
1010	-667
1011	2264
1012	5174
1013	8033
1014	10812
1015	13484
1016	16023
1017	18403
1018	20602
1019	22596
1020	24367
1021	25896
1022	27170
1023	28174
1024	28900
1025	29340
1026	29489
1027	29347
1028	28915
1029	28196
1030	27198
1031	25931
1032	24408
1033	22643
1034	20654
1035	18460
1036	16084
1037	13549
1038	10880
1039	8103
1040	5246
1041	2337
1042	-595
1043	-3521
1044	-6412
1045	-9240
1046	-11977
1047	-14595
1048	-17068
1049	-19373
1050	-21486
1051	-23387
1052	-25056
1053	-26477
1054	-27636
1055	-28521
1056	-29125
1057	-29440
1058	-29464
1059	-29196
1060	-28640
1061	-27800
1062	-26685
1063	-25306
1064	-23677
1065	-21813
1066	-19733
1067	-17459
1068	-15011
1069	-12415
1070	-9696
1071	-6881
1072	-3998
1073	-1076
1074	1856
1075	4771
1076	7639
1077	10431
1078	13120
1079	15679
1080	18082
1081	20307
1082	22331
1083	24134
1084	25698
1085	27008
1086	28051
1087	28816
1088	29296
1089	29486
1090	29384
1091	28992
1092	28313
1093	27353
1094	26123
1095	24635
1096	22902
1097	20943
1098	18777
1099	16425
1100	13911
1101	11258
1102	8495
1103	5647
1104	2744
1105	-186
1106	-3115
1107	-6013
1108	-8851
1109	-11602
1110	-14238
1111	-16734
1112	-19063
1113	-21204
1114	-23135
1115	-24838
1116	-26294
1117	-27490
1118	-28415
1119	-29058
1120	-29414
1121	-29478
1122	-29251
1123	-28735
1124	-27934
1125	-26856
1126	-25513
1127	-23918
1128	-22086
1129	-20035
1130	-17786
1131	-15361
1132	-12784
1133	-10081
1134	-7278
1135	-4403
1136	-1484
1137	1448
1138	4368
1139	7243
1140	10048
1141	12752
1142	15331
1143	17758
1144	20009
1145	22062
1146	23897
1147	25496
1148	26842
1149	27922
1150	28727
1151	29247
1152	29477
1153	29416
1154	29064
1155	28424
1156	27503
1157	26310
1158	24857
1159	23157
1160	21229
1161	19090
1162	16763
1163	14269
1164	11635
1165	8885
1166	6048
1167	3150
1168	222
1169	-2708
1170	-5612
1171	-8461
1172	-11226
1173	-13879
1174	-16396
1175	-18750
1176	-20918
1177	-22880
1178	-24615
1179	-26107
1180	-27340
1181	-28303
1182	-28986
1183	-29381
1184	-29487
1185	-29300
1186	-28824
1187	-28062
1188	-27023
1189	-25716
1190	-24155
1191	-22354
1192	-20333
1193	-18110
1194	-15709
1195	-13151
1196	-10464
1197	-7673
1198	-4806
1199	-1892
1200	1040
1201	3963
1202	6847
1203	9663
1204	12383
1205	14981
1206	17430
1207	19707
1208	21789
1209	23655
1210	25288
1211	26670
1212	27788
1213	28631
1214	29191
1215	29462
1216	29442
1217	29130
1218	28530
1219	27648
1220	26492
1221	25074
1222	23408
1223	21510
1224	19400
1225	17097
1226	14626
1227	12009
1228	9274
1229	6447
1230	3556
1231	630
1232	-2301
1233	-5211
1234	-8069
1235	-10847
1236	-13517
1237	-16054
1238	-18432
1239	-20628
1240	-22620
1241	-24388
1242	-25914
1243	-27184
1244	-28185
1245	-28908
1246	-29344
1247	-29489
1248	-29344
1249	-28907
1250	-28185
1251	-27184
1252	-25913
1253	-24387
1254	-22619
1255	-20627
1256	-18431
1257	-16053
1258	-13516
1259	-10845
1260	-8067
1261	-5209
1262	-2299
1263	632
1264	3558
1265	6449
1266	9276
1267	12011
1268	14627
1269	17099
1270	19401
1271	21512
1272	23409
1273	25075
1274	26493
1275	27649
1276	28531
1277	29131
1278	29442
1279	29462
1280	29191
1281	28631
1282	27788
1283	26669
1284	25287
1285	23654
1286	21788
1287	19706
1288	17429
1289	14979
1290	12381
1291	9661
1292	6845
1293	3961
1294	1038
1295	-1894
1296	-4808
1297	-7675
1298	-10466
1299	-13153
1300	-15710
1301	-18112
1302	-20334
1303	-22356
1304	-24156
1305	-25717
1306	-27023
1307	-28062
1308	-28824
1309	-29300
1310	-29487
1311	-29381
1312	-28985
1313	-28302
1314	-27339
1315	-26106
1316	-24614
1317	-22879
1318	-20917
1319	-18748
1320	-16394
1321	-13878
1322	-11224
1323	-8459
1324	-5611
1325	-2707
1326	223
1327	3152
1328	6049
1329	8887
1330	11637
1331	14271
1332	16764
1333	19092
1334	21230
1335	23159
1336	24858
1337	26311
1338	27504
1339	28425
1340	29064
1341	29416
1342	29477
1343	29246
1344	28726
1345	27922
1346	26841
1347	25495
1348	23896
1349	22061
1350	20008
1351	17756
1352	15329
1353	12751
1354	10046
1355	7242
1356	4366
1357	1447
1358	-1486
1359	-4404
1360	-7280
1361	-10083
1362	-12786
1363	-15363
1364	-17788
1365	-20036
1366	-22087
1367	-23919
1368	-25514
1369	-26857
1370	-27934
1371	-28735
1372	-29251
1373	-29478
1374	-29413
1375	-29058
1376	-28414
1377	-27490
1378	-26293
1379	-24837
1380	-23134
1381	-21203
1382	-19062
1383	-16732
1384	-14237
1385	-11601
1386	-8850
1387	-6011
1388	-3113
1389	-184
1390	2745
1391	5649
1392	8496
1393	11260
1394	13912
1395	16427
1396	18778
1397	20945
1398	22903
1399	24636
1400	26124
1401	27354
1402	28313
1403	28992
1404	29385
1405	29486
1406	29296
1407	28816
1408	28050
1409	27008
1410	25698
1411	24133
1412	22330
1413	20306
1414	18081
1415	15677
1416	13118
1417	10429
1418	7637
1419	4769
1420	1855
1421	-1078
1422	-4000
1423	-6883
1424	-9698
1425	-12417
1426	-15013
1427	-17460
1428	-19735
1429	-21814
1430	-23678
1431	-25307
1432	-26686
1433	-27801
1434	-28640
1435	-29197
1436	-29464
1437	-29440
1438	-29125
1439	-28521
1440	-27635
1441	-26476
1442	-25055
1443	-23385
1444	-21485
1445	-19372
1446	-17067
1447	-14593
1448	-11975
1449	-9239
1450	-6411
1451	-3519
1452	-593
1453	2338
1454	5247
1455	8104
1456	10881
1457	13551
1458	16086
1459	18462
1460	20655
1461	22644
1462	24409
1463	25932
1464	27199
1465	28196
1466	28915
1467	29347
1468	29489
1469	29340
1470	28900
1471	28174
1472	27169
1473	25896
1474	24366
1475	22595
1476	20600
1477	18402
1478	16022
1479	13483
1480	10810
1481	8031
1482	5172
1483	2262
1484	-669
1485	-3595
1486	-6485
1487	-9311
1488	-12045
1489	-14660
1490	-17129
1491	-19429
1492	-21537
1493	-23432
1494	-25095
1495	-26509
1496	-27662
1497	-28540
1498	-29136
1499	-29444
1500	-29461
1501	-29186
1502	-28622
1503	-27775
1504	-26653
1505	-25268
1506	-23632
1507	-21763
1508	-19678
1509	-17398
1510	-14947
1511	-12347
1512	-9626
1513	-6809
1514	-3924
1515	-1001
1516	1931
1517	4845
1518	7711
1519	10501
1520	13186
1521	15742
1522	18141
1523	20361
1524	22380
1525	24177
1526	25735
1527	27038
1528	28074
1529	28832
1530	29304
1531	29487
1532	29378
1533	28978
1534	28292
1535	27325
1536	26088
1537	24593
1538	22855
1539	20891
1540	18719
1541	16363
1542	13845
1543	11189
1544	8423
1545	5574
1546	2669
1547	-261
1548	-3189
1549	-6086
1550	-8922
1551	-11671
1552	-14304
1553	-16795
1554	-19120
1555	-21256
1556	-23182
1557	-24878
1558	-26328
1559	-27517
1560	-28435
1561	-29071
1562	-29419
1563	-29476
1564	-29241
1565	-28718
1566	-27910
1567	-26825
1568	-25476
1569	-23874
1570	-22036
1571	-19980
1572	-17727
1573	-15298
1574	-12717
1575	-10011
1576	-7206
1577	-4329
1578	-1409
1579	1523
1580	4441
1581	7316
1582	10118
1583	12820
1584	15395
1585	17817
1586	20064
1587	22112
1588	23941
1589	25533
1590	26873
1591	27946
1592	28743
1593	29256
1594	29479
1595	29411
1596	29051
1597	28404
1598	27476
1599	26276
1600	24817
1601	23111
1602	21177
1603	19033
1604	16701
1605	14204
1606	11566
1607	8814
1608	5975
1609	3076
1610	147
1611	-2783
1612	-5685
1613	-8532
1614	-11294
1615	-13945
1616	-16457
1617	-18807
1618	-20971
1619	-22927
1620	-24656
1621	-26141
1622	-27368
1623	-28324
1624	-28999
1625	-29388
1626	-29486
1627	-29292
1628	-28808
1629	-28039
1630	-26993
1631	-25679
1632	-24112
1633	-22306
1634	-20279
1635	-18051
1636	-15645
1637	-13085
1638	-10394
1639	-7601
1640	-4733
1641	-1817
1642	1115
1643	4037
1644	6919
1645	9733
1646	12450
1647	15045
1648	17490
1649	19762
1650	21839
1651	23700
1652	25326
1653	26702
1654	27813
1655	28649
1656	29202
1657	29466
1658	29438
1659	29119
1660	28511
1661	27622
1662	26459
1663	25035
1664	23363
1665	21459
1666	19344
1667	17036
1668	14561
1669	11941
1670	9203
1671	6374
1672	3482
1673	555
1674	-2376
1675	-5284
1676	-8140
1677	-10916
1678	-13584
1679	-16117
1680	-18491
1681	-20681
1682	-22668
1683	-24430
1684	-25950
1685	-27213
1686	-28207
1687	-28922
1688	-29351
1689	-29489
1690	-29336
1691	-28892
1692	-28163
1693	-27155
1694	-25878
1695	-24345
1696	-22571
1697	-20574
1698	-18373
1699	-15990
1700	-13449
1701	-10776
1702	-7995
1703	-5135
1704	-2225
1705	706
1706	3632
1707	6521
1708	9346
1709	12079
1710	14692
1711	17160
1712	19457
1713	21563
1714	23455
1715	25114
1716	26526
1717	27675
1718	28550
1719	29142
1720	29446
1721	29459
1722	29180
1723	28613
1724	27762
1725	26637
1726	25248
1727	23610
1728	21737
1729	19650
1730	17368
1731	14915
1732	12313
1733	9590
1734	6772
1735	3887
1736	964
1737	-1968
1738	-4882
1739	-7747
1740	-10535
1741	-13220
1742	-15773
1743	-18171
1744	-20388
1745	-22404
1746	-24198
1747	-25753
1748	-27053
1749	-28085
1750	-28840
1751	-29309
1752	-29488
1753	-29375
1754	-28971
1755	-28281
1756	-27311
1757	-26071
1758	-24573
1759	-22832
1760	-20864
1761	-18691
1762	-16332
1763	-13812
1764	-11155
1765	-8388
1766	-5537
1767	-2632
1768	298
1769	3226
1770	6122
1771	8958
1772	11705
1773	14336
1774	16826
1775	19148
1776	21282
1777	23205
1778	24898
1779	26345
1780	27531
1781	28445
1782	29077
1783	29421
1784	29475
1785	29237
1786	28709
1787	27898
1788	26810
1789	25457
1790	23852
1791	22012
1792	19953
1793	17697
1794	15266
1795	12684
1796	9976
1797	7169
1798	4292
1799	1372
1800	-1560
1801	-4478
1802	-7352
1803	-10153
1804	-12853
1805	-15426
1806	-17847
1807	-20091
1808	-22136
1809	-23963
1810	-25552
1811	-26888
1812	-27958
1813	-28752
1814	-29261
1815	-29480
1816	-29408
1817	-29045
1818	-28394
1819	-27463
1820	-26260
1821	-24796
1822	-23088
1823	-21151
1824	-19005
1825	-16671
1826	-14171
1827	-11532
1828	-8778
1829	-5938
1830	-3039
1831	-110
1832	2820
1833	5722
1834	8568
1835	11329
1836	13978
1837	16488
1838	18836
1839	20997
1840	22950
1841	24676
1842	26159
1843	27382
1844	28334
1845	29006
1846	29391
1847	29485
1848	29287
1849	28800
1850	28027
1851	26978
1852	25661
1853	24090
1854	22281
1855	20252
1856	18022
1857	15614
1858	13051
1859	10359
1860	7565
1861	4696
1862	1780
1863	-1152
1864	-4074
1865	-6955
1866	-9768
1867	-12484
1868	-15077
1869	-17520
1870	-19790
1871	-21864
1872	-23722
1873	-25345
1874	-26717
1875	-27825
1876	-28658
1877	-29207
1878	-29467
1879	-29436
1880	-29113
1881	-28502
1882	-27609
1883	-26443
1884	-25015
1885	-23340
1886	-21434
1887	-19315
1888	-17006
1889	-14528
1890	-11907
1891	-9168
1892	-6338
1893	-3445
1894	-518
1895	2413
1896	5321
1897	8176
1898	10951
1899	13617
1900	16148
1901	18520
1902	20708
1903	22692
1904	24450
1905	25967
1906	27227
1907	28218
1908	28929
1909	29355
1910	29489
1911	29332
1912	28885
1913	28152
1914	27140
1915	25860
1916	24324
1917	22547
1918	20547
1919	18344
1920	15959
1921	13416
1922	10741
1923	7959
1924	5099
1925	2188
1926	-744
1927	-3669
1928	-6558
1929	-9382
1930	-12113
1931	-14724
1932	-17190
1933	-19485
1934	-21588
1935	-23477
1936	-25134
1937	-26542
1938	-27687
1939	-28559
1940	-29148
1941	-29448
1942	-29457
1943	-29175
1944	-28604
1945	-27750
1946	-26621
1947	-25229
1948	-23587
1949	-21712
1950	-19622
1951	-17338
1952	-14882
1953	-12280
1954	-9555
1955	-6736
1956	-3850
1957	-927
1958	2005
1959	4918
1960	7783
1961	10570
1962	13253
1963	15805
1964	18200
1965	20415
1966	22428
1967	24220
1968	25771
1969	27068
1970	28097
1971	28847
1972	29313
1973	29488
1974	29372
1975	28964
1976	28271
1977	27297
1978	26054
1979	24552
1980	22808
1981	20838
1982	18662
1983	16301
1984	13779
1985	11120
1986	8352
1987	5501
1988	2595
1989	-335
1990	-3263
1991	-6159
1992	-8994
1993	-11739
1994	-14369
1995	-16856
1996	-19177
1997	-21308
1998	-23228
1999	-24918
2000	-26361
2001	-27544
2002	-28454
2003	-29083
2004	-29424
2005	-29474
2006	-29232
2007	-28701
2008	-27885
2009	-26794
2010	-25438
2011	-23830
2012	-21987
2013	-19925
2014	-17667
2015	-15234
2016	-12650
2017	-9941
2018	-7133
2019	-4255
2020	-1335
2021	1597
2022	4515
2023	7388
2024	10188
2025	12887
2026	15458
2027	17877
2028	20118
2029	22161
2030	23984
2031	25570
2032	26903
2033	27970
2034	28760
2035	29265
2036	29481
2037	29405
2038	29038
2039	28384
2040	27449
2041	26243
2042	24776
2043	23065
2044	21125
2045	18976
2046	16640
2047	14139
2048	11498
2049	8743
2050	5902
2051	3002
2052	72
2053	-2857
2054	-5759
2055	-8604
2056	-11363
2057	-14011
2058	-16519
2059	-18865
2060	-21023
2061	-22974
2062	-24697
2063	-26176
2064	-27396
2065	-28344
2066	-29013
2067	-29394
2068	-29484
2069	-29283
2070	-28792
2071	-28016
2072	-26962
2073	-25642
2074	-24069
2075	-22257
2076	-20225
2077	-17992
2078	-15582
2079	-13018
2080	-10324
2081	-7529
2082	-4659
2083	-1743
2084	1189
2085	4111
2086	6992
2087	9803
2088	12518
2089	15109
2090	17550
2091	19818
2092	21889
2093	23744
2094	25364
2095	26733
2096	27838
2097	28667
2098	29212
2099	29469
2100	29433
2101	29107
2102	28492
2103	27596
2104	26426
2105	24995
2106	23317
2107	21408
2108	19287
2109	16976
2110	14496
2111	11873
2112	9132
2113	6301
2114	3408
2115	481
2116	-2450
2117	-5357
2118	-8212
2119	-10985
2120	-13650
2121	-16179
2122	-18549
2123	-20735
2124	-22715
2125	-24471
2126	-25985
2127	-27242
2128	-28229
2129	-28937
2130	-29358
2131	-29489
2132	-29328
2133	-28877
2134	-28141
2135	-27125
2136	-25842
2137	-24302
2138	-22523
2139	-20520
2140	-18314
2141	-15928
2142	-13383
2143	-10706
2144	-7923
2145	-5062
2146	-2151
2147	781
2148	3706
2149	6594
2150	9417
2151	12147
2152	14757
2153	17220
2154	19513
2155	21613
2156	23500
2157	25153
2158	26558
2159	27700
2160	28568
2161	29153
2162	29450
2163	29456
2164	29170
2165	28595
2166	27737
2167	26605
2168	25210
2169	23565
2170	21687
2171	19594
2172	17308
2173	14850
2174	12246
2175	9520
2176	6700
2177	3813
2178	889
2179	-2043
2180	-4955
2181	-7819
2182	-10605
2183	-13286
2184	-15836
2185	-18229
2186	-20442
2187	-22453
2188	-24241
2189	-25789
2190	-27083
2191	-28108
2192	-28855
2193	-29317
2194	-29488
2195	-29368
2196	-28957
2197	-28260
2198	-27283
2199	-26036
2200	-24532
2201	-22784
2202	-20812
2203	-18633
2204	-16270
2205	-13746
2206	-11086
2207	-8316
2208	-5464
2209	-2558
2210	373
2211	3300
2212	6195
2213	9029
2214	11773
2215	14401
2216	16887
2217	19205
2218	21333
2219	23251
2220	24938
2221	26378
2222	27557
2223	28464
2224	29089
2225	29426
2226	29472
2227	29227
2228	28692
2229	27873
2230	26779
2231	25419
2232	23808
2233	21962
2234	19898
2235	17637
2236	15202
2237	12616
2238	9906
2239	7097
2240	4218
2241	1298
2242	-1635
2243	-4552
2244	-7424
2245	-10223
2246	-12920
2247	-15490
2248	-17906
2249	-20146
2250	-22186
2251	-24006
2252	-25589
2253	-26918
2254	-27982
2255	-28768
2256	-29270
2257	-29482
2258	-29402
2259	-29032
2260	-28374
2261	-27435
2262	-26225
2263	-24756
2264	-23041
2265	-21099
2266	-18948
2267	-16609
2268	-14106
2269	-11463
2270	-8707
2271	-5865
2272	-2965
2273	-35
2274	2894
2275	5795
2276	8639
2277	11398
2278	14043
2279	16550
2280	18893
2281	21049
2282	22997
2283	24717
2284	26193
2285	27409
2286	28355
2287	29019
2288	29397
2289	29483
2290	29278
2291	28784
2292	28004
2293	26947
2294	25624
2295	24047
2296	22232
2297	20198
2298	17963
2299	15550
2300	12984
2301	10289
2302	7493
2303	4622
2304	1706
2305	-1227
2306	-4148
2307	-7028
2308	-9839
2309	-12552
2310	-15141
2311	-17580
2312	-19845
2313	-21914
2314	-23766
2315	-25383
2316	-26749
2317	-27850
2318	-28676
2319	-29217
2320	-29470
2321	-29431
2322	-29101
2323	-28483
2324	-27583
2325	-26410
2326	-24976
2327	-23294
2328	-21382
2329	-19259
2330	-16945
2331	-14463
2332	-11839
2333	-9097
2334	-6265
2335	-3371
2336	-444
2337	2487
2338	5394
2339	8248
2340	11020
2341	13683
2342	16210
2343	18578
2344	20761
2345	22739
2346	24492
2347	26003
2348	27256
2349	28240
2350	28944
2351	29362
2352	29489
2353	29324
2354	28870
2355	28129
2356	27111
2357	25824
2358	24281
2359	22499
2360	20493
2361	18285
2362	15896
2363	13350
2364	10671
2365	7887
2366	5025
2367	2113
2368	-818
2369	-3743
2370	-6631
2371	-9452
2372	-12181
2373	-14789
2374	-17250
2375	-19541
2376	-21639
2377	-23522
2378	-25173
2379	-26574
2380	-27713
2381	-28577
2382	-29159
2383	-29452
2384	-29454
2385	-29164
2386	-28586
2387	-27725
2388	-26589
2389	-25190
2390	-23543
2391	-21662
2392	-19567
2393	-17278
2394	-14818
2395	-12212
2396	-9484
2397	-6663
2398	-3776
2399	-852
2400	2080
2401	4992
2402	7855
2403	10640
2404	13320
2405	15868
2406	18259
2407	20469
2408	22477
2409	24262
2410	25807
2411	27097
2412	28119
2413	28863
2414	29321
2415	29489
2416	29365
2417	28950
2418	28249
2419	27269
2420	26019
2421	24511
2422	22761
2423	20785
2424	18604
2425	16239
2426	13713
2427	11051
2428	8280
2429	5427
2430	2521
2431	-410
2432	-3337
2433	-6232
2434	-9065
2435	-11808
2436	-14434
2437	-16917
2438	-19233
2439	-21359
2440	-23274
2441	-24958
2442	-26395
2443	-27571
2444	-28474
2445	-29095
2446	-29429
2447	-29471
2448	-29222
2449	-28683
2450	-27861
2451	-26763
2452	-25400
2453	-23786
2454	-21937
2455	-19870
2456	-17607
2457	-15170
2458	-12582
2459	-9870
2460	-7061
2461	-4181
2462	-1260
2463	1672
2464	4589
2465	7460
2466	10258
2467	12954
2468	15522
2469	17936
2470	20173
2471	22210
2472	24028
2473	25607
2474	26934
2475	27993
2476	28776
2477	29274
2478	29483
2479	29399
2480	29025
2481	28364
2482	27422
2483	26208
2484	24736
2485	23018
2486	21073
2487	18919
2488	16578
2489	14073
2490	11429
2491	8672
2492	5828
2493	2928
2494	-1
2495	-2931
2496	-5832
2497	-8675
2498	-11432
2499	-14076
2500	-16581
2501	-18922
2502	-21075
2503	-23020
2504	-24738
2505	-26210
2506	-27423
2507	-28365
2508	-29026
2509	-29400
2510	-29483
2511	-29274
2512	-28775
2513	-27992
2514	-26932
2515	-25606
2516	-24026
2517	-22208
2518	-20170
2519	-17933
2520	-15519
2521	-12951
2522	-10254
2523	-7457
2524	-4585
2525	-1668
2526	1264
2527	4185
2528	7064
2529	9874
2530	12586
2531	15173
2532	17610
2533	19873
2534	21939
2535	23788
2536	25402
2537	26765
2538	27862
2539	28684
2540	29222
2541	29471
2542	29429
2543	29095
2544	28473
2545	27569
2546	26393
2547	24956
2548	23271
2549	21357
2550	19231
2551	16914
2552	14431
2553	11804
2554	9061
2555	6228
2556	3334
2557	406
2558	-2524
2559	-5431
2560	-8284
2561	-11054
2562	-13716
2563	-16242
2564	-18607
2565	-20788
2566	-22763
2567	-24513
2568	-26020
2569	-27270
2570	-28250
2571	-28951
2572	-29365
2573	-29489
2574	-29320
2575	-28862
2576	-28118
2577	-27096
2578	-25806
2579	-24260
2580	-22474
2581	-20466
2582	-18256
2583	-15865
2584	-13317
2585	-10637
2586	-7851
2587	-4988
2588	-2076
2589	856
2590	3780
2591	6667
2592	9488
2593	12215
2594	14821
2595	17281
2596	19569
2597	21664
2598	23545
2599	25192
2600	26591
2601	27726
2602	28587
2603	29165
2604	29454
2605	29452
2606	29159
2607	28577
2608	27712
2609	26573
2610	25171
2611	23520
2612	21636
2613	19539
2614	17248
2615	14786
2616	12178
2617	9449
2618	6627
2619	3739
2620	815
2621	-2117
2622	-5029
2623	-7891
2624	-10675
2625	-13353
2626	-15899
2627	-18288
2628	-20496
2629	-22501
2630	-24283
2631	-25825
2632	-27112
2633	-28130
2634	-28870
2635	-29325
2636	-29489
2637	-29361
2638	-28943
2639	-28239
2640	-27255
2641	-26001
2642	-24490
2643	-22737
2644	-20759
2645	-18575
2646	-16208
2647	-13680
2648	-11017
2649	-8244
2650	-5391
2651	-2484
2652	447
2653	3374
2654	6268
2655	9100
2656	11842
2657	14466
2658	16948
2659	19262
2660	21385
2661	23296
2662	24977
2663	26411
2664	27584
2665	28484
2666	29101
2667	29431
2668	29470
2669	29217
2670	28675
2671	27849
2672	26747
2673	25381
2674	23764
2675	21912
2676	19843
2677	17577
2678	15138
2679	12549
2680	9835
2681	7025
2682	4144
2683	1223
2684	-1709
2685	-4626
2686	-7496
2687	-10293
2688	-12987
2689	-15553
2690	-17966
2691	-20200
2692	-22235
2693	-24049
2694	-25626
2695	-26949
2696	-28005
2697	-28784
2698	-29279
2699	-29484
2700	-29397
2701	-29019
2702	-28354
2703	-27408
2704	-26191
2705	-24715
2706	-22995
2707	-21047
2708	-18891
2709	-16547
2710	-14040
2711	-11395
2712	-8636
2713	-5792
2714	-2890
2715	39
2716	2968
2717	5868
2718	8711
2719	11467
2720	14109
2721	16612
2722	18950
2723	21101
2724	23044
2725	24758
2726	26227
2727	27437
2728	28375
2729	29032
2730	29403
2731	29482
2732	29269
2733	28767
2734	27981
2735	26917
2736	25587
2737	24004
2738	22183
2739	20143
2740	17904
2741	15487
2742	12917
2743	10219
2744	7421
2745	4548
2746	1631
2747	-1301
2748	-4222
2749	-7100
2750	-9909
2751	-12619
2752	-15205
2753	-17640
2754	-19900
2755	-21964
2756	-23810
2757	-25421
2758	-26780
2759	-27874
2760	-28693
2761	-29227
2762	-29473
2763	-29426
2764	-29089
2765	-28463
2766	-27556
2767	-26377
2768	-24936
2769	-23248
2770	-21331
2771	-19202
2772	-16884
2773	-14398
2774	-11770
2775	-9026
2776	-6192
2777	-3297
2778	-369
2779	2561
2780	5467
2781	8319
2782	11089
2783	13749
2784	16273
2785	18636
2786	20814
2787	22787
2788	24534
2789	26038
2790	27284
2791	28261
2792	28958
2793	29368
2794	29488
2795	29316
2796	28854
2797	28107
2798	27081
2799	25788
2800	24239
2801	22450
2802	20440
2803	18227
2804	15833
2805	13283
2806	10602
2807	7815
2808	4952
2809	2039
2810	-893
2811	-3817
2812	-6703
2813	-9523
2814	-12249
2815	-14853
2816	-17311
2817	-19597
2818	-21689
2819	-23567
2820	-25212
2821	-26607
2822	-27738
2823	-28596
2824	-29170
2825	-29456
2826	-29450
2827	-29153
2828	-28567
2829	-27699
2830	-26557
2831	-25152
2832	-23498
2833	-21611
2834	-19511
2835	-17217
2836	-14753
2837	-12144
2838	-9414
2839	-6591
2840	-3702
2841	-778
2842	2154
2843	5065
2844	7927
2845	10709
2846	13386
2847	15930
2848	18317
2849	20523
2850	22525
2851	24304
2852	25843
2853	27127
2854	28142
2855	28878
2856	29329
2857	29489
2858	29358
2859	28936
2860	28228
2861	27240
2862	25983
2863	24469
2864	22713
2865	20732
2866	18546
2867	16176
2868	13647
2869	10982
2870	8209
2871	5354
2872	2446
2873	-484
2874	-3411
2875	-6305
2876	-9136
2877	-11876
2878	-14499
2879	-16978
2880	-19290
2881	-21411
2882	-23319
2883	-24997
2884	-26428
2885	-27597
2886	-28493
2887	-29107
2888	-29433
2889	-29468
2890	-29212
2891	-28666
2892	-27837
2893	-26732
2894	-25362
2895	-23742
2896	-21887
2897	-19815
2898	-17547
2899	-15106
2900	-12515
2901	-9800
2902	-6988
2903	-4107
2904	-1186
2905	1746
2906	4662
2907	7532
2908	10328
2909	13021
2910	15585
2911	17995
2912	20227
2913	22259
2914	24071
2915	25644
2916	26964
2917	28017
2918	28792
2919	29283
2920	29484
2921	29394
2922	29012
2923	28343
2924	27394
2925	26174
2926	24695
2927	22971
2928	21021
2929	18862
2930	16516
2931	14008
2932	11360
2933	8600
2934	5755
2935	2853
2936	-76
2937	-3005
2938	-5905
2939	-8746
2940	-11501
2941	-14142
2942	-16643
2943	-18979
2944	-21127
2945	-23067
2946	-24778
2947	-26244
2948	-27450
2949	-28385
2950	-29039
2951	-29405
2952	-29481
2953	-29265
2954	-28759
2955	-27969
2956	-26902
2957	-25568
2958	-23982
2959	-22159
2960	-20116
2961	-17874
2962	-15455
2963	-12884
2964	-10184
2965	-7385
2966	-4512
2967	-1594
2968	1338
2969	4259
2970	7137
2971	9944
2972	12653
2973	15237
2974	17670
2975	19928
2976	21989
2977	23832
2978	25440
2979	26796
2980	27887
2981	28701
2982	29232
2983	29474
2984	29424
2985	29082
2986	28453
2987	27543
2988	26360
2989	24916
2990	23225
2991	21305
2992	19174
2993	16853
2994	14366
2995	11736
2996	8990
2997	6155
2998	3260
2999	332
3000	-2599
3001	-5504
3002	-8355
3003	-11124
3004	-13782
3005	-16304
3006	-18664
3007	-20840
3008	-22810
3009	-24554
3010	-26055
3011	-27299
3012	-28272
3013	-28965
3014	-29372
3015	-29488
3016	-29312
3017	-28847
3018	-28096
3019	-27066
3020	-25770
3021	-24218
3022	-22426
3023	-20413
3024	-18197
3025	-15802
3026	-13250
3027	-10567
3028	-7779
3029	-4915
3030	-2002
3031	930
3032	3854
3033	6740
3034	9558
3035	12283
3036	14886
3037	17341
3038	19625
3039	21715
3040	23590
3041	25231
3042	26623
3043	27751
3044	28605
3045	29176
3046	29458
3047	29448
3048	29147
3049	28558
3050	27686
3051	26540
3052	25132
3053	23475
3054	21586
3055	19483
3056	17187
3057	14721
3058	12110
3059	9378
3060	6554
3061	3665
3062	740
3063	-2191
3064	-5102
3065	-7963
3066	-10744
3067	-13419
3068	-15962
3069	-18346
3070	-20549
3071	-22549
3072	-24326
3073	-25861
3074	-27141
3075	-28153
3076	-28886
3077	-29333
3078	-29489
3079	-29354
3080	-28929
3081	-28217
3082	-27226
3083	-25966
3084	-24448
3085	-22689
3086	-20706
3087	-18517
3088	-16145
3089	-13614
3090	-10947
3091	-8173
3092	-5317
3093	-2409
3094	522
3095	3448
3096	6341
3097	9171
3098	11910
3099	14531
3100	17009
3101	19318
3102	21436
3103	23342
3104	25017
3105	26444
3106	27610
3107	28503
3108	29113
3109	29436
3110	29467
3111	29207
3112	28657
3113	27824
3114	26716
3115	25343
3116	23720
3117	21862
3118	19788
3119	17517
3120	15074
3121	12481
3122	9765
3123	6952
3124	4070
3125	1149
3126	-1784
3127	-4699
3128	-7568
3129	-10363
3130	-13054
3131	-15617
3132	-18025
3133	-20254
3134	-22284
3135	-24092
3136	-25663
3137	-26979
3138	-28028
3139	-28801
3140	-29288
3141	-29485
3142	-29391
3143	-29005
3144	-28333
3145	-27380
3146	-26157
3147	-24675
3148	-22948
3149	-20994
3150	-18833
3151	-16486
3152	-13975
3153	-11326
3154	-8565
3155	-5719
3156	-2816
3157	113
3158	3042
3159	5941
3160	8782
3161	11535
3162	14175
3163	16674
3164	19008
3165	21154
3166	23090
3167	24798
3168	26261
3169	27464
3170	28395
3171	29045
3172	29408
3173	29480
3174	29260
3175	28751
3176	27957
3177	26886
3178	25550
3179	23960
3180	22134
3181	20089
3182	17844
3183	15423
3184	12850
3185	10149
3186	7348
3187	4475
3188	1557
3189	-1376
3190	-4296
3191	-7173
3192	-9979
3193	-12687
3194	-15269
3195	-17700
3196	-19955
3197	-22014
3198	-23854
3199	-25459
3200	-26811
3201	-27899
3202	-28710
3203	-29237
3204	-29475
3205	-29421
3206	-29076
3207	-28444
3208	-27530
3209	-26343
3210	-24896
3211	-23202
3212	-21279
3213	-19146
3214	-16823
3215	-14333
3216	-11702
3217	-8955
3218	-6119
3219	-3223
3220	-294
3221	2636
3222	5541
3223	8391
3224	11158
3225	13815
3226	16335
3227	18693
3228	20867
3229	22834
3230	24575
3231	26073
3232	27313
3233	28282
3234	28972
3235	29375
3236	29488
3237	29308
3238	28839
3239	28084
3240	27052
3241	25751
3242	24196
3243	22402
3244	20386
3245	18168
3246	15770
3247	13217
3248	10532
3249	7743
3250	4878
3251	1965
3252	-967
3253	-3891
3254	-6776
3255	-9594
3256	-12317
3257	-14918
3258	-17371
3259	-19653
3260	-21740
3261	-23612
3262	-25250
3263	-26639
3264	-27764
3265	-28614
3266	-29181
3267	-29459
3268	-29446
3269	-29142
3270	-28549
3271	-27673
3272	-26524
3273	-25113
3274	-23452
3275	-21560
3276	-19455
3277	-17157
3278	-14689
3279	-12076
3280	-9343
3281	-6518
3282	-3628
3283	-703
3284	2229
3285	5139
3286	7998
3287	10779
3288	13453
3289	15993
3290	18376
3291	20576
3292	22573
3293	24347
3294	25879
3295	27156
3296	28164
3297	28893
3298	29336
3299	29489
3300	29351
3301	28921
3302	28206
3303	27212
3304	25948
3305	24428
3306	22665
3307	20679
3308	18488
3309	16114
3310	13581
3311	10913
3312	8137
3313	5281
3314	2372
3315	-559
3316	-3486
3317	-6378
3318	-9206
3319	-11944
3320	-14564
3321	-17039
3322	-19346
3323	-21462
3324	-23365
3325	-25037
3326	-26461
3327	-27623
3328	-28512
3329	-29119
3330	-29438
3331	-29465
3332	-29201
3333	-28648
3334	-27812
3335	-26700
3336	-25324
3337	-23698
3338	-21837
3339	-19760
3340	-17487
3341	-15042
3342	-12447
3343	-9730
3344	-6916
3345	-4034
3346	-1111
3347	1821
3348	4736
3349	7604
3350	10398
3351	13088
3352	15648
3353	18054
3354	20281
3355	22308
3356	24114
3357	25681
3358	26994
3359	28040
3360	28809
3361	29292
3362	29486
3363	29387
3364	28999
3365	28323
3366	27367
3367	26140
3368	24654
3369	22925
3370	20968
3371	18804
3372	16455
3373	13942
3374	11291
3375	8529
3376	5682
3377	2779
3378	-150
3379	-3079
3380	-5978
3381	-8817
3382	-11570
3383	-14207
3384	-16704
3385	-19036
3386	-21179
3387	-23113
3388	-24818
3389	-26278
3390	-27478
3391	-28405
3392	-29052
3393	-29411
3394	-29479
3395	-29256
3396	-28742
3397	-27945
3398	-26871
3399	-25531
3400	-23939
3401	-22109
3402	-20061
3403	-17815
3404	-15392
3405	-12816
3406	-10114
3407	-7312
3408	-4438
3409	-1519
3410	1413
3411	4332
3412	7209
3413	10014
3414	12720
3415	15301
3416	17729
3417	19983
3418	22039
3419	23876
3420	25478
3421	26827
3422	27911
3423	28718
3424	29242
3425	29476
3426	29419
3427	29070
3428	28434
3429	27516
3430	26326
3431	24876
3432	23179
3433	21254
3434	19117
3435	16792
3436	14301
3437	11668
3438	8919
3439	6082
3440	3186
3441	257
3442	-2673
3443	-5577
3444	-8427
3445	-11193
3446	-13848
3447	-16366
3448	-18722
3449	-20893
3450	-22857
3451	-24595
3452	-26090
3453	-27327
3454	-28293
3455	-28979
3456	-29378
3457	-29487
3458	-29304
3459	-28831
3460	-28073
3461	-27037
3462	-25733
3463	-24175
3464	-22378
3465	-20359
3466	-18138
3467	-15739
3468	-13183
3469	-10497
3470	-7707
3471	-4841
3472	-1927
3473	1005
3474	3928
3475	6812
3476	9629
3477	12351
3478	14950
3479	17401
3480	19681
3481	21765
3482	23634
3483	25269
3484	26655
3485	27776
3486	28623
3487	29186
3488	29461
3489	29444
3490	29136
3491	28539
3492	27660
3493	26508
3494	25093
3495	23430
3496	21535
3497	19427
3498	17126
3499	14656
3500	12042
3501	9308
3502	6482
3503	3591
3504	666
3505	-2266
3506	-5176
3507	-8034
3508	-10814
3509	-13486
3510	-16025
3511	-18405
3512	-20603
3513	-22597
3514	-24368
3515	-25897
3516	-27170
3517	-28175
3518	-28900
3519	-29340
3520	-29489
3521	-29347
3522	-28914
3523	-28195
3524	-27197
3525	-25930
3526	-24407
3527	-22642
3528	-20652
3529	-18459
3530	-16083
3531	-13547
3532	-10878
3533	-8101
3534	-5244
3535	-2335
3536	596
3537	3523
3538	6414
3539	9242
3540	11978
3541	14596
3542	17070
3543	19374
3544	21487
3545	23388
3546	25056
3547	26477
3548	27636
3549	28522
3550	29125
3551	29440
3552	29464
3553	29196
3554	28639
3555	27799
3556	26684
3557	25305
3558	23676
3559	21812
3560	19732
3561	17457
3562	15010
3563	12413
3564	9694
3565	6880
3566	3997
3567	1074
3568	-1858
3569	-4773
3570	-7640
3571	-10432
3572	-13121
3573	-15680
3574	-18084
3575	-20309
3576	-22332
3577	-24135
3578	-25699
3579	-27009
3580	-28052
3581	-28816
3582	-29296
3583	-29486
3584	-29384
3585	-28992
3586	-28312
3587	-27353
3588	-26122
3589	-24634
3590	-22901
3591	-20942
3592	-18776
3593	-16424
3594	-13909
3595	-11257
3596	-8493
3597	-5645
3598	-2742
3599	188
3600	3117
3601	6015
3602	8853
3603	11604
3604	14240
3605	16735
3606	19065
3607	21205
3608	23136
3609	24839
3610	26295
3611	27491
3612	28415
3613	29058
3614	29414
3615	29478
3616	29251
3617	28734
3618	27933
3619	26856
3620	25513
3621	23917
3622	22085
3623	20034
3624	17785
3625	15360
3626	12783
3627	10079
3628	7276
3629	4401
3630	1482
3631	-1450
3632	-4369
3633	-7245
3634	-10049
3635	-12754
3636	-15332
3637	-17759
3638	-20010
3639	-22063
3640	-23898
3641	-25496
3642	-26842
3643	-27923
3644	-28727
3645	-29247
3646	-29477
3647	-29416
3648	-29064
3649	-28424
3650	-27503
3651	-26309
3652	-24856
3653	-23156
3654	-21228
3655	-19089
3656	-16761
3657	-14268
3658	-11633
3659	-8884
3660	-6046
3661	-3148
3662	-220
3663	2710
3664	5614
3665	8462
3666	11227
3667	13881
3668	16397
3669	18751
3670	20919
3671	22881
3672	24616
3673	26107
3674	27341
3675	28303
3676	28986
3677	29382
3678	29487
3679	29300
3680	28823
3681	28061
3682	27022
3683	25715
3684	24154
3685	22353
3686	20332
3687	18109
3688	15707
3689	13150
3690	10462
3691	7671
3692	4805
3693	1890
3694	-1042
3695	-3965
3696	-6848
3697	-9664
3698	-12384
3699	-14982
3700	-17431
3701	-19708
3702	-21790
3703	-23656
3704	-25289
3705	-26671
3706	-27789
3707	-28632
3708	-29192
3709	-29463
3710	-29442
3711	-29130
3712	-28530
3713	-27647
3714	-26491
3715	-25073
3716	-23407
3717	-21509
3718	-19399
3719	-17096
3720	-14624
3721	-12008
3722	-9272
3723	-6445
3724	-3554
3725	-628
3726	2303
3727	5212
3728	8070
3729	10848
3730	13519
3731	16056
3732	18434
3733	20629
3734	22621
3735	24389
3736	25915
3737	27185
3738	28186
3739	28908
3740	29344
3741	29489
3742	29343
3743	28907
3744	28184
3745	27183
3746	25912
3747	24386
3748	22618
3749	20626
3750	18430
3751	16051
3752	13514
3753	10843
3754	8065
3755	5207
3756	2298
3757	-634
3758	-3560
3759	-6450
3760	-9277
3761	-12012
3762	-14629
3763	-17100
3764	-19403
3765	-21513
3766	-23410
3767	-25076
3768	-26494
3769	-27649
3770	-28531
3771	-29131
3772	-29442
3773	-29462
3774	-29191
3775	-28631
3776	-27787
3777	-26668
3778	-25286
3779	-23653
3780	-21787
3781	-19704
3782	-17427
3783	-14977
3784	-12380
3785	-9659
3786	-6843
3787	-3960
3788	-1037
3789	1895
3790	4810
3791	7677
3792	10467
3793	13155
3794	15712
3795	18113
3796	20336
3797	22357
3798	24157
3799	25718
3800	27024
3801	28063
3802	28824
3803	29300
3804	29487
3805	29381
3806	28985
3807	28302
3808	27339
3809	26105
3810	24613
3811	22878
3812	20916
3813	18747
3814	16393
3815	13876
3816	11222
3817	8457
3818	5609
3819	2705
3820	-225
3821	-3154
3822	-6051
3823	-8889
3824	-11638
3825	-14273
3826	-16766
3827	-19093
3828	-21231
3829	-23160
3830	-24859
3831	-26312
3832	-27505
3833	-28425
3834	-29065
3835	-29416
3836	-29477
3837	-29246
3838	-28726
3839	-27921
3840	-26840
3841	-25494
3842	-23895
3843	-22060
3844	-20006
3845	-17755
3846	-15328
3847	-12749
3848	-10044
3849	-7240
3850	-4364
3851	-1445
3852	1487
3853	4406
3854	7281
3855	10084
3856	12788
3857	15364
3858	17789
3859	20038
3860	22088
3861	23920
3862	25515
3863	26858
3864	27935
3865	28735
3866	29251
3867	29478
3868	29413
3869	29057
3870	28414
3871	27489
3872	26293
3873	24836
3874	23133
3875	21202
3876	19061
3877	16731
3878	14235
3879	11599
3880	8848
3881	6009
3882	3111
3883	182
3884	-2747
3885	-5651
3886	-8498
3887	-11262
3888	-13914
3889	-16428
3890	-18780
3891	-20946
3892	-22904
3893	-24637
3894	-26125
3895	-27355
3896	-28314
3897	-28993
3898	-29385
3899	-29486
3900	-29296
3901	-28815
3902	-28050
3903	-27007
3904	-25697
3905	-24132
3906	-22329
3907	-20305
3908	-18080
3909	-15676
3910	-13116
3911	-10427
3912	-7635
3913	-4768
3914	-1853
3915	1079
3916	4002
3917	6885
3918	9699
3919	12418
3920	15014
3921	17461
3922	19736
3923	21815
3924	23679
3925	25308
3926	26687
3927	27801
3928	28641
3929	29197
3930	29464
3931	29440
3932	29124
3933	28520
3934	27634
3935	26475
3936	25054
3937	23384
3938	21484
3939	19370
3940	17065
3941	14592
3942	11974
3943	9237
3944	6409
3945	3517
3946	591
3947	-2340
3948	-5249
3949	-8106
3950	-10883
3951	-13552
3952	-16087
3953	-18463
3954	-20656
3955	-22645
3956	-24410
3957	-25933
3958	-27199
3959	-28197
3960	-28915
3961	-29348
3962	-29489
3963	-29340
3964	-28899
3965	-28173
3966	-27168
3967	-25895
3968	-24365
3969	-22594
3970	-20599
3971	-18401
3972	-16020
3973	-13481
3974	-10809
3975	-8029
3976	-5170
3977	-2260
3978	671
3979	3597
3980	6487
3981	9313
3982	12046
3983	14661
3984	17131
3985	19431
3986	21538
3987	23433
3988	25096
3989	26510
3990	27662
3991	28541
3992	29137
3993	29444
3994	29461
3995	29186
3996	28622
3997	27774
3998	26652
3999	25267
4000	23631
4001	21762
4002	19677
4003	17397
4004	14945
4005	12346
4006	9624
4007	6807
4008	3923
4009	999
4010	-1933
4011	-4847
4012	-7713
4013	-10502
4014	-13188
4015	-15743
4016	-18143
4017	-20363
4018	-22381
4019	-24178
4020	-25736
4021	-27039
4022	-28074
4023	-28832
4024	-29305
4025	-29487
4026	-29378
4027	-28978
4028	-28291
4029	-27325
4030	-26088
4031	-24593
4032	-22854
4033	-20889
4034	-18718
4035	-16362
4036	-13843
4037	-11188
4038	-8422
4039	-5572
4040	-2668
4041	262
4042	3191
4043	6088
4044	8924
4045	11672
4046	14305
4047	16796
4048	19121
4049	21257
4050	23183
4051	24879
4052	26329
4053	27518
4054	28435
4055	29071
4056	29419
4057	29476
4058	29241
4059	28717
4060	27909
4061	26825
4062	25475
4063	23873
4064	22035
4065	19979
4066	17725
4067	15296
4068	12716
4069	10009
4070	7204
4071	4327
4072	1408
4073	-1525
4074	-4443
4075	-7317
4076	-10119
4077	-12821
4078	-15396
4079	-17819
4080	-20065
4081	-22113
4082	-23942
4083	-25534
4084	-26873
4085	-27947
4086	-28744
4087	-29256
4088	-29479
4089	-29411
4090	-29051
4091	-28404
4092	-27476
4093	-26276
4094	-24816
4095	-23110
4096	-21176
4097	-19032
4098	-16700
4099	-14203
4100	-11565
4101	-8812
4102	-5973
4103	-3074
4104	-145
4105	2784
4106	5687
4107	8534
4108	11296
4109	13947
4110	16459
4111	18809
4112	20972
4113	22928
4114	24657
4115	26142
4116	27369
4117	28324
4118	28999
4119	29388
4120	29485
4121	29291
4122	28807
4123	28038
4124	26992
4125	25678
4126	24111
4127	22305
4128	20278
4129	18050
4130	15644
4131	13083
4132	10393
4133	7599
4134	4731
4135	1816
4136	-1117
4137	-4039
4138	-6921
4139	-9735
4140	-12452
4141	-15046
4142	-17492
4143	-19764
4144	-21840
4145	-23701
4146	-25327
4147	-26702
4148	-27814
4149	-28650
4150	-29202
4151	-29466
4152	-29438
4153	-29118
4154	-28511
4155	-27621
4156	-26459
4157	-25034
4158	-23362
4159	-21458
4160	-19342
4161	-17035
4162	-14559
4163	-11939
4164	-9201
4165	-6372
4166	-3480
4167	-554
4168	2377
4169	5286
4170	8142
4171	10918
4172	13585
4173	16118
4174	18492
4175	20683
4176	22669
4177	24431
4178	25951
4179	27214
4180	28208
4181	28923
4182	29351
4183	29489
4184	29336
4185	28892
4186	28162
4187	27154
4188	25877
4189	24344
4190	22570
4191	20572
4192	18371
4193	15989
4194	13448
4195	10774
4196	7993
4197	5134
4198	2223
4199	-708
4200	-3634
4201	-6523
4202	-9348
4203	-12081
4204	-14693
4205	-17161
4206	-19459
4207	-21564
4208	-23456
4209	-25115
4210	-26526
4211	-27675
4212	-28550
4213	-29142
4214	-29446
4215	-29459
4216	-29180
4217	-28613
4218	-27762
4219	-26636
4220	-25248
4221	-23609
4222	-21736
4223	-19649
4224	-17367
4225	-14913
4226	-12312
4227	-9589
4228	-6771
4229	-3886
4230	-962
4231	1970
4232	4883
4233	7749
4234	10537
4235	13221
4236	15775
4237	18172
4238	20390
4239	22405
4240	24199
4241	25754
4242	27054
4243	28086
4244	28840
4245	29309
4246	29488
4247	29375
4248	28971
4249	28281
4250	27311
4251	26070
4252	24572
4253	22830
4254	20863
4255	18689
4256	16331
4257	13810
4258	11153
4259	8386
4260	5536
4261	2630
4262	-300
4263	-3228
4264	-6124
4265	-8960
4266	-11707
4267	-14338
4268	-16827
4269	-19150
4270	-21283
4271	-23206
4272	-24899
4273	-26345
4274	-27531
4275	-28445
4276	-29077
4277	-29422
4278	-29475
4279	-29236
4280	-28709
4281	-27897
4282	-26809
4283	-25456
4284	-23851
4285	-22010
4286	-19952
4287	-17695
4288	-15264
4289	-12682
4290	-9974
4291	-7168
4292	-4290
4293	-1370
4294	1562
4295	4480
4296	7354
4297	10154
4298	12855
4299	15428
4300	17849
4301	20092
4302	22138
4303	23964
4304	25552
4305	26889
4306	27959
4307	28752
4308	29261
4309	29480
4310	29408
4311	29045
4312	28394
4313	27462
4314	26259
4315	24795
4316	23087
4317	21150
4318	19004
4319	16669
4320	14170
4321	11530
4322	8777
4323	5936
4324	3037
4325	108
4326	-2821
4327	-5724
4328	-8570
4329	-11331
4330	-13979
4331	-16490
4332	-18837
4333	-20998
4334	-22951
4335	-24677
4336	-26159
4337	-27382
4338	-28334
4339	-29006
4340	-29391
4341	-29485
4342	-29287
4343	-28799
4344	-28027
4345	-26977
4346	-25660
4347	-24089
4348	-22280
4349	-20251
4350	-18021
4351	-15612
4352	-13050
4353	-10358
4354	-7563
4355	-4694
4356	-1778
4357	1154
4358	4076
4359	6957
4360	9770
4361	12486
4362	15078
4363	17522
4364	19791
4365	21865
4366	23723
4367	25346
4368	26718
4369	27826
4370	28658
4371	29207
4372	29467
4373	29435
4374	29112
4375	28501
4376	27608
4377	26442
4378	25014
4379	23339
4380	21433
4381	19314
4382	17005
4383	14527
4384	11905
4385	9166
4386	6336
4387	3443
4388	516
4389	-2414
4390	-5322
4391	-8178
4392	-10952
4393	-13618
4394	-16150
4395	-18521
4396	-20709
4397	-22693
4398	-24451
4399	-25968
4400	-27228
4401	-28219
4402	-28930
4403	-29355
4404	-29489
4405	-29332
4406	-28884
4407	-28151
4408	-27139
4409	-25859
4410	-24323
4411	-22546
4412	-20546
4413	-18342
4414	-15957
4415	-13415
4416	-10739
4417	-7957
4418	-5097
4419	-2186
4420	745
4421	3671
4422	6560
4423	9383
4424	12115
4425	14726
4426	17191
4427	19487
4428	21589
4429	23478
4430	25135
4431	26543
4432	27688
4433	28559
4434	29148
4435	29448
4436	29457
4437	29175
4438	28604
4439	27749
4440	26620
4441	25228
4442	23586
4443	21711
4444	19621
4445	17337
4446	14881
4447	12278
4448	9553
4449	6734
4450	3849
4451	925
4452	-2007
4453	-4920
4454	-7785
4455	-10572
4456	-13255
4457	-15806
4458	-18201
4459	-20416
4460	-22430
4461	-24221
4462	-25772
4463	-27069
4464	-28097
4465	-28848
4466	-29313
4467	-29488
4468	-29371
4469	-28964
4470	-28270
4471	-27297
4472	-26053
4473	-24551
4474	-22807
4475	-20837
4476	-18660
4477	-16299
4478	-13777
4479	-11119
4480	-8350
4481	-5499
4482	-2593
4483	337
4484	3265
4485	6161
4486	8995
4487	11741
4488	14370
4489	16858
4490	19178
4491	21309
4492	23229
4493	24919
4494	26362
4495	27545
4496	28455
4497	29083
4498	29424
4499	29474
4500	29232
4501	28700
4502	27885
4503	26794
4504	25437
4505	23829
4506	21985
4507	19924
4508	17666
4509	15232
4510	12648
4511	9939
4512	7131
4513	4253
4514	1333
4515	-1599
4516	-4517
4517	-7390
4518	-10189
4519	-12888
4520	-15460
4521	-17878
4522	-20120
4523	-22162
4524	-23985
4525	-25571
4526	-26904
4527	-27970
4528	-28760
4529	-29265
4530	-29481
4531	-29405
4532	-29038
4533	-28384
4534	-27449
4535	-26242
4536	-24775
4537	-23064
4538	-21124
4539	-18975
4540	-16638
4541	-14137
4542	-11496
4543	-8741
4544	-5900
4545	-3000
4546	-71
4547	2859
4548	5760
4549	8605
4550	11365
4551	14012
4552	16521
4553	18866
4554	21024
4555	22975
4556	24698
4557	26177
4558	27396
4559	28345
4560	29013
4561	29394
4562	29484
4563	29283
4564	28791
4565	28015
4566	26962
4567	25642
4568	24068
4569	22256
4570	20223
4571	17991
4572	15581
4573	13016
4574	10323
4575	7527
4576	4657
4577	1741
4578	-1191
4579	-4113
4580	-6993
4581	-9805
4582	-12520
4583	-15110
4584	-17552
4585	-19819
4586	-21890
4587	-23745
4588	-25365
4589	-26734
4590	-27838
4591	-28667
4592	-29212
4593	-29469
4594	-29433
4595	-29106
4596	-28492
4597	-27595
4598	-26426
4599	-24994
4600	-23316
4601	-21407
4602	-19286
4603	-16974
4604	-14494
4605	-11871
4606	-9131
4607	-6300
4608	-3406
4609	-479
4610	2452
4611	5359
4612	8214
4613	10987
4614	13651
4615	16181
4616	18550
4617	20736
4618	22716
4619	24472
4620	25986
4621	27242
4622	28229
4623	28937
4624	29358
4625	29489
4626	29328
4627	28877
4628	28140
4629	27125
4630	25841
4631	24301
4632	22522
4633	20519
4634	18313
4635	15926
4636	13381
4637	10704
4638	7922
4639	5060
4640	2149
4641	-783
4642	-3708
4643	-6596
4644	-9419
4645	-12149
4646	-14758
4647	-17222
4648	-19515
4649	-21615
4650	-23501
4651	-25154
4652	-26559
4653	-27701
4654	-28569
4655	-29154
4656	-29450
4657	-29456
4658	-29169
4659	-28594
4660	-27737
4661	-26604
4662	-25209
4663	-23564
4664	-21686
4665	-19593
4666	-17307
4667	-14849
4668	-12244
4669	-9518
4670	-6698
4671	-3812
4672	-888
4673	2044
4674	4957
4675	7820
4676	10607
4677	13288
4678	15838
4679	18231
4680	20443
4681	22454
4682	24242
4683	25790
4684	27083
4685	28108
4686	28856
4687	29317
4688	29488
4689	29368
4690	28957
4691	28260
4692	27282
4693	26035
4694	24531
4695	22783
4696	20810
4697	18632
4698	16268
4699	13744
4700	11084
4701	8314
4702	5462
4703	2556
4704	-374
4705	-3302
4706	-6197
4707	-9031
4708	-11775
4709	-14403
4710	-16888
4711	-19206
4712	-21335
4713	-23252
4714	-24939
4715	-26379
4716	-27558
4717	-28465
4718	-29089
4719	-29426
4720	-29472
4721	-29227
4722	-28692
4723	-27873
4724	-26778
4725	-25418
4726	-23807
4727	-21961
4728	-19897
4729	-17636
4730	-15200
4731	-12615
4732	-9904
4733	-7095
4734	-4216
4735	-1296
4736	1636
4737	4554
4738	7426
4739	10224
4740	12922
4741	15492
4742	17908
4743	20147
4744	22187
4745	24007
4746	25590
4747	26919
4748	27982
4749	28768
4750	29270
4751	29482
4752	29402
4753	29032
4754	28374
4755	27435
4756	26225
4757	24755
4758	23040
4759	21098
4760	18946
4761	16608
4762	14104
4763	11462
4764	8706
4765	5863
4766	2963
4767	33
4768	-2896
4769	-5797
4770	-8641
4771	-11399
4772	-14045
4773	-16552
4774	-18895
4775	-21051
4776	-22998
4777	-24718
4778	-26194
4779	-27410
4780	-28355
4781	-29020
4782	-29397
4783	-29483
4784	-29278
4785	-28783
4786	-28003
4787	-26947
4788	-25623
4789	-24046
4790	-22231
4791	-20196
4792	-17961
4793	-15549
4794	-12983
4795	-10288
4796	-7491
4797	-4620
4798	-1704
4799	1228
4800	4150
4801	7030
4802	9840
4803	12553
4804	15142
4805	17582
4806	19847
4807	21915
4808	23767
4809	25384
4810	26750
4811	27851
4812	28676
4813	29217
4814	29470
4815	29431
4816	29100
4817	28482
4818	27582
4819	26409
4820	24975
4821	23293
4822	21381
4823	19258
4824	16944
4825	14462
4826	11837
4827	9095
4828	6263
4829	3369
4830	442
4831	-2489
4832	-5396
4833	-8249
4834	-11021
4835	-13684
4836	-16212
4837	-18579
4838	-20762
4839	-22740
4840	-24493
4841	-26003
4842	-27257
4843	-28240
4844	-28944
4845	-29362
4846	-29489
4847	-29324
4848	-28869
4849	-28129
4850	-27110
4851	-25823
4852	-24280
4853	-22497
4854	-20492
4855	-18284
4856	-15895
4857	-13348
4858	-10670
4859	-7886
4860	-5023
4861	-2112
4862	820
4863	3745
4864	6632
4865	9454
4866	12183
4867	14790
4868	17252
4869	19543
4870	21640
4871	23523
4872	25174
4873	26575
4874	27714
4875	28578
4876	29159
4877	29452
4878	29454
4879	29164
4880	28585
4881	27724
4882	26588
4883	25190
4884	23541
4885	21661
4886	19565
4887	17276
4888	14817
4889	12210
4890	9483
4891	6662
4892	3775
4893	850
4894	-2081
4895	-4994
4896	-7856
4897	-10641
4898	-13321
4899	-15869
4900	-18260
4901	-20470
4902	-22478
4903	-24263
4904	-25808
4905	-27098
4906	-28120
4907	-28863
4908	-29321
4909	-29489
4910	-29365
4911	-28950
4912	-28249
4913	-27268
4914	-26018
4915	-24510
4916	-22759
4917	-20784
4918	-18603
4919	-16237
4920	-13711
4921	-11050
4922	-8279
4923	-5426
4924	-2519
4925	412
4926	3339
4927	6233
4928	9066
4929	11809
4930	14435
4931	16919
4932	19235
4933	21360
4934	23275
4935	24959
4936	26396
4937	27571
4938	28474
4939	29096
4940	29429
4941	29471
4942	29222
4943	28683
4944	27861
4945	26762
4946	25400
4947	23785
4948	21936
4949	19869
4950	17606
4951	15168
4952	12581
4953	9869
4954	7059
4955	4180
4956	1259
4957	-1674
4958	-4591
4959	-7462
4960	-10259
4961	-12955
4962	-15523
4963	-17937
4964	-20174
4965	-22211
4966	-24029
4967	-25608
4968	-26934
4969	-27994
4970	-28777
4971	-29275
4972	-29483
4973	-29399
4974	-29025
4975	-28363
4976	-27421
4977	-26208
4978	-24735
4979	-23017
4980	-21072
4981	-18918
4982	-16577
4983	-14072
4984	-11427
4985	-8670
4986	-5827
4987	-2926
4988	3
4989	2933
4990	5834
4991	8677
4992	11434
4993	14078
4994	16583
4995	18923
4996	21077
4997	23021
4998	24739
4999	26211
5000	27424
5001	28365
5002	29026
5003	29400
5004	29483
5005	29274
5006	28775
5007	27992
5008	26931
5009	25605
5010	24025
